ID,Region,City,Address,MinPricePerSqMeter,AvgPricePerSqMeter,MaxPricePerSqMeter,OffersCount,TotalFloors,YaLowerCorner,YaUpperCorner,WktPoint,Lat,Lon,OnDate,Source
142671,"Московская область","Реутов","Московская область, Реутов, улица Октября, 48",99000,107000,123000,8,25,"37.879081 55.75363","37.887292 55.75826","POINT(37.883186 55.755945)","55.755945","37.883186","2016-10-01 00:00:00","myData.biz"
142672,"Московская область","Реутов","Московская область, Реутов, улица Котовского, 6",116000,123000,133000,5,9,"37.860576 55.746259","37.868786 55.75089","POINT(37.864681 55.748574)","55.748574","37.864681","2016-10-01 00:00:00","myData.biz"
142673,"Московская область","Реутов","Московская область, Реутов, улица Гагарина, 40",129000,137000,145000,6,20,"37.863639 55.758661","37.871849 55.76329","POINT(37.867744 55.760975)","55.760975","37.867744","2016-10-01 00:00:00","myData.biz"
142674,"Московская область","Реутов","Московская область, Реутов, улица Реутовских ополченцев, 2",84000,91000,98000,2,25,"37.842726 55.768972","37.850937 55.773601","POINT(37.846831 55.771287)","55.771287","37.846831","2016-10-01 00:00:00","myData.biz"
142675,"Московская область","Реутов","Московская область, Реутов, улица Октября, 44",88000,102000,119000,6,25,"37.877383 55.753301","37.885594 55.757931","POINT(37.881488 55.755616)","55.755616","37.881488","2016-10-01 00:00:00","myData.biz"
142676,"Московская область","Реутов","Московская область, Реутов, улица Некрасова, 26",115000,123000,133000,3,12,"37.847209 55.770623","37.855419 55.775251","POINT(37.851314 55.772937)","55.772937","37.851314","2016-10-01 00:00:00","myData.biz"
142677,"Московская область","Реутов","Московская область, Реутов, Носовихинское шоссе, 27",105000,126000,142000,33,25,"37.872775 55.747241","37.880985 55.751872","POINT(37.87688 55.749557)","55.749557","37.87688","2016-10-01 00:00:00","myData.biz"
142678,"Московская область","Реутов","Московская область, Реутов, улица Октября, 52",90000,110000,127000,17,25,"37.880383 55.753899","37.888594 55.758529","POINT(37.884489 55.756214)","55.756214","37.884489","2016-10-01 00:00:00","myData.biz"
142679,"Московская область","Реутов","Московская область, Реутов, улица Октября, 42",94000,140000,156000,10,25,"37.87626 55.752374","37.884471 55.757004","POINT(37.880366 55.754689)","55.754689","37.880366","2016-10-01 00:00:00","myData.biz"
142680,"Московская область","Реутов","Московская область, Реутов, Юбилейный проспект, 69",99000,111000,134000,7,25,"37.882566 55.753174","37.890777 55.757805","POINT(37.886672 55.75549)","55.75549","37.886672","2016-10-01 00:00:00","myData.biz"
142681,"Московская область","Реутов","Московская область, Реутов, улица Октября, 24",146000,155000,160000,4,17,"37.866478 55.751315","37.874688 55.755945","POINT(37.870583 55.75363)","55.75363","37.870583","2016-10-01 00:00:00","myData.biz"
142682,"Московская область","Реутов","Московская область, Реутов, Юбилейный проспект, 72",108000,136000,172000,12,23,"37.879611 55.750783","37.887822 55.755414","POINT(37.883716 55.753098)","55.753098","37.883716","2016-10-01 00:00:00","myData.biz"
142683,"Московская область","Реутов","Московская область, Реутов, улица Ленина, 21",132000,132000,132000,1,5,"37.851431 55.756138","37.859641 55.760768","POINT(37.855536 55.758453)","55.758453","37.855536","2016-10-01 00:00:00","myData.biz"
142684,"Московская область","Реутов","Московская область, Реутов, улица Гагарина, 23",86000,86000,86000,1,6,"37.85983 55.762581","37.868041 55.76721","POINT(37.863935 55.764896)","55.764896","37.863935","2016-10-01 00:00:00","myData.biz"
142685,"Московская область","Реутов","Московская область, Реутов, улица Академика Челомея, 7",126000,149000,168000,4,25,"37.875281 55.748929","37.883492 55.753559","POINT(37.879386 55.751244)","55.751244","37.879386","2016-10-01 00:00:00","myData.biz"
142686,"Московская область","Реутов","Московская область, Реутов, Новая улица, 2",121000,121000,121000,1,17,"37.848278 55.754714","37.856488 55.759344","POINT(37.852383 55.75703)","55.75703","37.852383","2016-10-01 00:00:00","myData.biz"
142687,"Московская область","Реутов","Московская область, Реутов, Юбилейный проспект, 49",125000,147000,191000,5,25,"37.874239 55.750692","37.88245 55.755322","POINT(37.878344 55.753007)","55.753007","37.878344","2016-10-01 00:00:00","myData.biz"
142688,"Московская область","Реутов","Московская область, Реутов, Юбилейный проспект, 51",105000,127000,145000,11,19,"37.875398 55.750753","37.883608 55.755383","POINT(37.879503 55.753068)","55.753068","37.879503","2016-10-01 00:00:00","myData.biz"
142689,"Московская область","Реутов","Московская область, Реутов, Комсомольская улица, 2",78000,85000,93000,68,25,"37.846158 55.754269","37.854368 55.758899","POINT(37.850263 55.756584)","55.756584","37.850263","2016-10-01 00:00:00","myData.biz"
142690,"Московская область","Реутов","Московская область, Реутов, Лесная улица, 8",107000,129000,163000,5,9,"37.847855 55.758858","37.856066 55.763488","POINT(37.851961 55.761173)","55.761173","37.851961","2016-10-01 00:00:00","myData.biz"
142691,"Московская область","Реутов","Московская область, Реутов, Юбилейный проспект, 67",115000,118000,121000,2,18,"37.882477 55.752151","37.890687 55.756781","POINT(37.886582 55.754466)","55.754466","37.886582","2016-10-01 00:00:00","myData.biz"
142692,"Московская область","Реутов","Московская область, Реутов, Юбилейный проспект, 42",84000,105000,142000,14,25,"37.868121 55.747267","37.876332 55.751898","POINT(37.872227 55.749582)","55.749582","37.872227","2016-10-01 00:00:00","myData.biz"
142693,"Московская область","Реутов","Московская область, Реутов, Советская улица, 14к1",109000,121000,130000,7,24,"37.854746 55.766501","37.862956 55.77113","POINT(37.858851 55.768815)","55.768815","37.858851","2016-10-01 00:00:00","myData.biz"
142694,"Московская область","Реутов","Московская область, Реутов, Ашхабадская улица, 33",118000,133000,162000,7,17,"37.857378 55.756528","37.865588 55.761158","POINT(37.861483 55.758843)","55.758843","37.861483","2016-10-01 00:00:00","myData.biz"
142695,"Московская область","Реутов","Московская область, Реутов, Парковая улица, 8к1",112000,137000,159000,11,25,"37.861492 55.758802","37.869703 55.763432","POINT(37.865597 55.761117)","55.761117","37.865597","2016-10-01 00:00:00","myData.biz"
142696,"Московская область","Реутов","Московская область, Реутов, Парковая улица, 6",117000,130000,146000,8,17,"37.859444 55.758027","37.867654 55.762657","POINT(37.863549 55.760342)","55.760342","37.863549","2016-10-01 00:00:00","myData.biz"
142697,"Московская область","Реутов","Московская область, Реутов, улица Академика Челомея, 9",136000,145000,148000,8,17,"37.87582 55.748194","37.884031 55.752825","POINT(37.879925 55.75051)","55.75051","37.879925","2016-10-01 00:00:00","myData.biz"
142698,"Московская область","Реутов","Московская область, Реутов, Молодёжная улица, 1",132000,142000,158000,4,17,"37.842825 55.745509","37.851036 55.75014","POINT(37.84693 55.747824)","55.747824","37.84693","2016-10-01 00:00:00","myData.biz"
142699,"Московская область","Реутов","Московская область, Реутов, Носовихинское шоссе, 25",106000,144000,187000,13,25,"37.870861 55.747196","37.879072 55.751827","POINT(37.874967 55.749511)","55.749511","37.874967","2016-10-01 00:00:00","myData.biz"
142700,"Московская область","Реутов","Московская область, Реутов, Юбилейный проспект, 61",114000,141000,174000,5,25,"37.878695 55.751477","37.886905 55.756108","POINT(37.8828 55.753792)","55.753792","37.8828","2016-10-01 00:00:00","myData.biz"
142701,"Московская область","Реутов","Московская область, Реутов, Комсомольская улица, 26",130000,135000,138000,4,25,"37.846562 55.755859","37.854773 55.760489","POINT(37.850667 55.758174)","55.758174","37.850667","2016-10-01 00:00:00","myData.biz"
142702,"Московская область","Реутов","Московская область, Реутов, проспект Мира, 57",87000,92000,97000,2,12,"37.860504 55.769064","37.868714 55.773692","POINT(37.864609 55.771378)","55.771378","37.864609","2016-10-01 00:00:00","myData.biz"
142703,"Московская область","Реутов","Московская область, Реутов, Садовый проезд, 3к1",96000,116000,126000,5,25,"37.848296 55.766552","37.856506 55.77118","POINT(37.852401 55.768866)","55.768866","37.852401","2016-10-01 00:00:00","myData.biz"
142704,"Московская область","Реутов","Московская область, Балашиха, микрорайон Салтыковка, Носовихинское шоссе, 35",116000,116000,116000,1,14,"37.887938 55.749831","37.896149 55.754461","POINT(37.892044 55.752146)","55.752146","37.892044","2016-10-01 00:00:00","myData.biz"
142705,"Московская область","Реутов","Московская область, Реутов, Южная улица, 15",122000,129000,140000,3,16,"37.859282 55.744647","37.867493 55.749278","POINT(37.863387 55.746963)","55.746963","37.863387","2016-10-01 00:00:00","myData.biz"
142706,"Московская область","Реутов","Московская область, Реутов, улица Войтовича, 4",108000,108000,108000,1,5,"37.852149 55.753382","37.86036 55.758012","POINT(37.856255 55.755697)","55.755697","37.856255","2016-10-01 00:00:00","myData.biz"
142707,"Московская область","Реутов","Московская область, Реутов, микрорайон 6А, к2",80000,89000,99000,5,25,"37.844882 55.771454","37.853093 55.776082","POINT(37.848987 55.773768)","55.773768","37.848987","2016-10-01 00:00:00","myData.biz"
142708,"Московская область","Реутов","Московская область, Реутов, Юбилейный проспект, 16",126000,159000,193000,15,25,"37.857207 55.746218","37.865418 55.750849","POINT(37.861312 55.748534)","55.748534","37.861312","2016-10-01 00:00:00","myData.biz"
142709,"Московская область","Реутов","Московская область, Реутов, Ашхабадская улица, 27",113000,116000,119000,2,25,"37.856461 55.754669","37.864672 55.759299","POINT(37.860567 55.756984)","55.756984","37.860567","2016-10-01 00:00:00","myData.biz"
142710,"Московская область","Реутов","Московская область, Реутов, улица Головашкина, 10",100000,107000,120000,3,9,"37.849158 55.769433","37.857369 55.774062","POINT(37.853263 55.771747)","55.771747","37.853263","2016-10-01 00:00:00","myData.biz"
142711,"Московская область","Реутов","Московская область, Реутов, улица Дзержинского, 2к4",146000,146000,146000,1,16,"37.844846 55.750449","37.853057 55.755079","POINT(37.848951 55.752764)","55.752764","37.848951","2016-10-01 00:00:00","myData.biz"
142712,"Московская область","Реутов","Московская область, Реутов, улица Октября, 18",103000,142000,166000,9,18,"37.864277 55.75091","37.872487 55.75554","POINT(37.868382 55.753225)","55.753225","37.868382","2016-10-01 00:00:00","myData.biz"
142713,"Московская область","Реутов","Московская область, Реутов, проспект Мира, 5",108000,108000,108000,2,5,"37.857557 55.759198","37.865768 55.763827","POINT(37.861663 55.761512)","55.761512","37.861663","2016-10-01 00:00:00","myData.biz"
142714,"Московская область","Реутов","Московская область, Реутов, Юбилейный проспект, 63",100000,130000,152000,16,17,"37.879871 55.751624","37.888082 55.756254","POINT(37.883977 55.753939)","55.753939","37.883977","2016-10-01 00:00:00","myData.biz"
142715,"Московская область","Реутов","Московская область, Реутов, Юбилейный проспект, 2к1",134000,160000,176000,7,16,"37.850506 55.744607","37.858716 55.749238","POINT(37.854611 55.746922)","55.746922","37.854611","2016-10-01 00:00:00","myData.biz"
142716,"Московская область","Реутов","Московская область, Реутов, Юбилейный проспект, 66",128000,160000,215000,7,17,"37.877581 55.750368","37.885791 55.754998","POINT(37.881686 55.752683)","55.752683","37.881686","2016-10-01 00:00:00","myData.biz"
142717,"Московская область","Реутов","Московская область, Реутов, улица Победы, 22к1",124000,124000,125000,2,14,"37.845241 55.76526","37.853452 55.769889","POINT(37.849347 55.767575)","55.767575","37.849347","2016-10-01 00:00:00","myData.biz"
142718,"Московская область","Реутов","Московская область, Реутов, улица Головашкина, 3к1",70000,87000,109000,33,24,"37.849248 55.767458","37.857458 55.772087","POINT(37.853353 55.769773)","55.769773","37.853353","2016-10-01 00:00:00","myData.biz"
142719,"Московская область","Реутов","Московская область, Реутов, Носовихинское шоссе, 22",144000,153000,166000,3,24,"37.869181 55.747145","37.877392 55.751776","POINT(37.873287 55.749461)","55.749461","37.873287","2016-10-01 00:00:00","myData.biz"
142720,"Московская область","Реутов","Московская область, Реутов, улица Калинина, 12",132000,145000,156000,3,9,"37.852527 55.751741","37.860737 55.756371","POINT(37.856632 55.754056)","55.754056","37.856632","2016-10-01 00:00:00","myData.biz"
142721,"Московская область","Реутов","Московская область, Реутов, Новая улица, 18",92000,115000,155000,9,25,"37.856919 55.755804","37.86513 55.760434","POINT(37.861025 55.758119)","55.758119","37.861025","2016-10-01 00:00:00","myData.biz"
142722,"Московская область","Реутов","Московская область, Реутов, Комсомольская улица, 4",138000,138000,138000,1,5,"37.848862 55.751097","37.857072 55.755728","POINT(37.852967 55.753413)","55.753413","37.852967","2016-10-01 00:00:00","myData.biz"
142723,"Московская область","Реутов","Московская область, Реутов, проспект Мира, 55",89000,90000,91000,2,5,"37.858716 55.769286","37.866927 55.773915","POINT(37.862821 55.771601)","55.771601","37.862821","2016-10-01 00:00:00","myData.biz"
142724,"Московская область","Реутов","Московская область, Реутов, Комсомольская улица, 14",86000,98000,133000,11,25,"37.847802 55.753448","37.856012 55.758078","POINT(37.851907 55.755763)","55.755763","37.851907","2016-10-01 00:00:00","myData.biz"
142725,"Московская область","Реутов","Московская область, Реутов, микрорайон 6А, к7",64000,73000,89000,16,25,"37.842771 55.772461","37.850982 55.777089","POINT(37.846876 55.774775)","55.774775","37.846876","2016-10-01 00:00:00","myData.biz"
142726,"Московская область","Реутов","Московская область, Реутов, Южная улица, 2",148000,150000,151000,2,9,"37.855437 55.74786","37.863648 55.75249","POINT(37.859543 55.750175)","55.750175","37.859543","2016-10-01 00:00:00","myData.biz"
142727,"Московская область","Реутов","Московская область, Реутов, Южная улица, 10",115000,122000,128000,6,14,"37.857467 55.744672","37.865678 55.749304","POINT(37.861573 55.746988)","55.746988","37.861573","2016-10-01 00:00:00","myData.biz"
142728,"Московская область","Реутов","Московская область, Реутов, Юбилейный проспект, 33",146000,153000,164000,3,22,"37.865741 55.749","37.873952 55.75363","POINT(37.869846 55.751315)","55.751315","37.869846","2016-10-01 00:00:00","myData.biz"
142729,"Московская область","Реутов","Московская область, Реутов, Ашхабадская улица, 19Б",102000,111000,127000,3,5,"37.857135 55.754183","37.865346 55.758813","POINT(37.86124 55.756498)","55.756498","37.86124","2016-10-01 00:00:00","myData.biz"
142730,"Московская область","Реутов","Московская область, Реутов, Садовый проезд, 3",100000,118000,148000,4,10,"37.848421 55.766101","37.856632 55.77073","POINT(37.852527 55.768415)","55.768415","37.852527","2016-10-01 00:00:00","myData.biz"
142731,"Московская область","Реутов","Московская область, Реутов, Советская улица, 24",99000,114000,123000,3,5,"37.85683 55.765068","37.86504 55.769697","POINT(37.860935 55.767382)","55.767382","37.860935","2016-10-01 00:00:00","myData.biz"
142732,"Московская область","Реутов","Московская область, Реутов, Комсомольская улица, 18/2",115000,132000,147000,9,16,"37.847281 55.754031","37.855491 55.758661","POINT(37.851386 55.756346)","55.756346","37.851386","2016-10-01 00:00:00","myData.biz"
142733,"Московская область","Реутов","Московская область, Реутов, Носовихинское шоссе, 6",151000,153000,154000,3,16,"37.853973 55.743634","37.862184 55.748265","POINT(37.858078 55.745949)","55.745949","37.858078","2016-10-01 00:00:00","myData.biz"
142734,"Московская область","Реутов","Московская область, Реутов, улица Октября, 28",111000,137000,148000,12,18,"37.868517 55.751685","37.876727 55.756315","POINT(37.872622 55.754)","55.754","37.872622","2016-10-01 00:00:00","myData.biz"
142735,"Московская область","Реутов","Московская область, Реутов, Советская улица, 4к1",117000,130000,142000,9,25,"37.851089 55.762449","37.8593 55.767078","POINT(37.855195 55.764764)","55.764764","37.855195","2016-10-01 00:00:00","myData.biz"
142736,"Московская область","Реутов","Московская область, Реутов, улица Октября, 22",145000,152000,162000,5,18,"37.865669 55.75056","37.87388 55.755191","POINT(37.869774 55.752875)","55.752875","37.869774","2016-10-01 00:00:00","myData.biz"
142737,"Московская область","Реутов","Московская область, Реутов, улица Гагарина, 38",126000,133000,141000,2,17,"37.861294 55.759638","37.869505 55.764268","POINT(37.8654 55.761953)","55.761953","37.8654","2016-10-01 00:00:00","myData.biz"
142738,"Московская область","Реутов","Московская область, Реутов, улица Октября, 20",143000,157000,200000,8,25,"37.864295 55.750165","37.872505 55.754796","POINT(37.8684 55.75248)","55.75248","37.8684","2016-10-01 00:00:00","myData.biz"
142739,"Московская область","Реутов","Московская область, Реутов, улица Ленина, 3",112000,130000,143000,4,14,"37.852841 55.750915","37.861052 55.755545","POINT(37.856946 55.75323)","55.75323","37.856946","2016-10-01 00:00:00","myData.biz"
142740,"Московская область","Реутов","Московская область, Реутов, Советская улица, 13",89000,106000,118000,5,5,"37.856246 55.766759","37.864456 55.771388","POINT(37.860351 55.769074)","55.769074","37.860351","2016-10-01 00:00:00","myData.biz"
142741,"Московская область","Реутов","Московская область, Реутов, Юбилейный проспект, 36",122000,145000,166000,3,9,"37.8654 55.748078","37.87361 55.752708","POINT(37.869505 55.750393)","55.750393","37.869505","2016-10-01 00:00:00","myData.biz"
142742,"Московская область","Реутов","Московская область, Реутов, улица Войтовича, 3",125000,125000,126000,2,17,"37.851179 55.752987","37.85939 55.757617","POINT(37.855285 55.755302)","55.755302","37.855285","2016-10-01 00:00:00","myData.biz"
142743,"Московская область","Реутов","Московская область, Реутов, Юбилейный проспект, 41",138000,147000,150000,4,17,"37.869523 55.749699","37.877733 55.754329","POINT(37.873628 55.752014)","55.752014","37.873628","2016-10-01 00:00:00","myData.biz"
142744,"Московская область","Реутов","Московская область, Реутов, улица Котовского, 4к1",121000,148000,176000,2,14,"37.861546 55.745833","37.869756 55.750464","POINT(37.865651 55.748148)","55.748148","37.865651","2016-10-01 00:00:00","myData.biz"
142745,"Московская область","Реутов","Московская область, Реутов, Комсомольская улица, 5А",118000,148000,177000,2,9,"37.8434 55.751589","37.85161 55.756219","POINT(37.847505 55.753904)","55.753904","37.847505","2016-10-01 00:00:00","myData.biz"
142746,"Московская область","Реутов","Московская область, Реутов, проспект Мира, 13",101000,102000,103000,2,5,"37.857297 55.759932","37.865507 55.764561","POINT(37.861402 55.762247)","55.762247","37.861402","2016-10-01 00:00:00","myData.biz"
142747,"Московская область","Реутов","Московская область, Реутов, Носовихинское шоссе, 21",112000,141000,172000,4,10,"37.868202 55.746405","37.876413 55.751036","POINT(37.872308 55.748721)","55.748721","37.872308","2016-10-01 00:00:00","myData.biz"
142748,"Московская область","Реутов","Московская область, Реутов, улица Головашкина, 8",98000,115000,131000,2,9,"37.849814 55.769023","37.858024 55.773651","POINT(37.853919 55.771337)","55.771337","37.853919","2016-10-01 00:00:00","myData.biz"
142749,"Московская область","Реутов","Московская область, Реутов, Носовихинское шоссе, 16",110000,123000,136000,2,5,"37.86716 55.746492","37.875371 55.751123","POINT(37.871266 55.748807)","55.748807","37.871266","2016-10-01 00:00:00","myData.biz"
142750,"Московская область","Реутов","Московская область, Реутов, Юбилейный проспект, 15",122000,124000,126000,2,9,"37.853362 55.74748","37.861573 55.75211","POINT(37.857467 55.749795)","55.749795","37.857467","2016-10-01 00:00:00","myData.biz"
142751,"Московская область","Реутов","Московская область, Реутов, Комсомольская улица, 3А",162000,163000,165000,2,9,"37.84349 55.750839","37.8517 55.755469","POINT(37.847595 55.753154)","55.753154","37.847595","2016-10-01 00:00:00","myData.biz"
142752,"Московская область","Реутов","Московская область, Реутов, улица Реутовских ополченцев, 4",69000,84000,100000,2,25,"37.842735 55.769535","37.850946 55.774163","POINT(37.84684 55.771849)","55.771849","37.84684","2016-10-01 00:00:00","myData.biz"
142753,"Московская область","Реутов","Московская область, Реутов, Юбилейный проспект, 10",132000,154000,168000,3,10,"37.852805 55.745656","37.861016 55.750287","POINT(37.856911 55.747971)","55.747971","37.856911","2016-10-01 00:00:00","myData.biz"
142754,"Московская область","Реутов","Московская область, Реутов, Юбилейный проспект, 48",104000,118000,135000,3,16,"37.869658 55.747591","37.877868 55.752222","POINT(37.873763 55.749907)","55.749907","37.873763","2016-10-01 00:00:00","myData.biz"
142755,"Московская область","Реутов","Московская область, Реутов, улица Гагарина, 17А",116000,116000,116000,1,5,"37.855949 55.762834","37.86416 55.767463","POINT(37.860055 55.765149)","55.765149","37.860055","2016-10-01 00:00:00","myData.biz"
142756,"Московская область","Реутов","Московская область, Реутов, Юбилейный проспект, 44",133000,144000,154000,2,14,"37.868418 55.74865","37.876629 55.753281","POINT(37.872523 55.750965)","55.750965","37.872523","2016-10-01 00:00:00","myData.biz"
142757,"Московская область","Реутов","Московская область, Реутов, Комсомольская улица, 5",115000,115000,115000,1,9,"37.843265 55.752308","37.851476 55.756938","POINT(37.84737 55.754623)","55.754623","37.84737","2016-10-01 00:00:00","myData.biz"
142758,"Московская область","Реутов","Московская область, Реутов, Юбилейный проспект, 60",135000,154000,178000,9,17,"37.875416 55.749993","37.883626 55.754623","POINT(37.879521 55.752308)","55.752308","37.879521","2016-10-01 00:00:00","myData.biz"
142759,"Московская область","Реутов","Московская область, Реутов, Ашхабадская улица, 27к1",133000,133000,133000,1,18,"37.85497 55.754689","37.863181 55.759319","POINT(37.859075 55.757004)","55.757004","37.859075","2016-10-01 00:00:00","myData.biz"
142760,"Московская область","Реутов","Московская область, Реутов, Советская улица, 11",142000,142000,142000,1,5,"37.856147 55.766076","37.864358 55.770704","POINT(37.860252 55.76839)","55.76839","37.860252","2016-10-01 00:00:00","myData.biz"
142761,"Московская область","Реутов","Московская область, Реутов, Советская улица, 23",113000,113000,113000,1,5,"37.856066 55.76799","37.864277 55.772618","POINT(37.860171 55.770304)","55.770304","37.860171","2016-10-01 00:00:00","myData.biz"
142762,"Московская область","Реутов","Московская область, Реутов, микрорайон 6А, к4",74000,79000,85000,13,25,"37.84446 55.773272","37.85267 55.777899","POINT(37.848565 55.775586)","55.775586","37.848565","2016-10-01 00:00:00","myData.biz"
142763,"Московская область","Реутов","Московская область, Реутов, проспект Мира, 33",111000,111000,111000,1,5,"37.85895 55.763331","37.86716 55.76796","POINT(37.863055 55.765645)","55.765645","37.863055","2016-10-01 00:00:00","myData.biz"
142764,"Московская область","Реутов","Московская область, Реутов, улица Октября, 5",93000,119000,148000,7,25,"37.847936 55.747206","37.856147 55.751837","POINT(37.852042 55.749522)","55.749522","37.852042","2016-10-01 00:00:00","myData.biz"
142765,"Московская область","Реутов","Московская область, Реутов, Юбилейный проспект, 56",110000,110000,110000,1,14,"37.871948 55.748782","37.880159 55.753413","POINT(37.876054 55.751097)","55.751097","37.876054","2016-10-01 00:00:00","myData.biz"
142766,"Московская область","Реутов","Московская область, Реутов, Парковая улица, 8к2",120000,126000,133000,8,24,"37.862013 55.758321","37.870224 55.762951","POINT(37.866118 55.760636)","55.760636","37.866118","2016-10-01 00:00:00","myData.biz"
142767,"Московская область","Реутов","Московская область, Реутов, улица Кирова, 7",126000,131000,139000,3,17,"37.847083 55.7567","37.855294 55.76133","POINT(37.851188 55.759015)","55.759015","37.851188","2016-10-01 00:00:00","myData.biz"
142768,"Московская область","Реутов","Московская область, Реутов, улица Октября, 4",98000,98000,98000,1,17,"37.847757 55.746476","37.855967 55.751107","POINT(37.851862 55.748792)","55.748792","37.851862","2016-10-01 00:00:00","myData.biz"
142769,"Московская область","Реутов","Московская область, Реутов, Комсомольская улица, 12",129000,145000,168000,6,23,"37.848682 55.752617","37.856893 55.757247","POINT(37.852787 55.754932)","55.754932","37.852787","2016-10-01 00:00:00","myData.biz"
142770,"Московская область","Реутов","Московская область, Реутов, Юбилейный проспект, 53",106000,117000,146000,8,25,"37.87679 55.751817","37.885001 55.756447","POINT(37.880896 55.754132)","55.754132","37.880896","2016-10-01 00:00:00","myData.biz"
142771,"Московская область","Реутов","Московская область, Реутов, Молодёжная улица, 4",125000,129000,133000,4,17,"37.844244 55.744966","37.852455 55.749598","POINT(37.84835 55.747282)","55.747282","37.84835","2016-10-01 00:00:00","myData.biz"
142772,"Московская область","Реутов","Московская область, Реутов, Ашхабадская улица, 25",145000,151000,156000,3,10,"37.857441 55.755307","37.865651 55.759937","POINT(37.861546 55.757622)","55.757622","37.861546","2016-10-01 00:00:00","myData.biz"
142773,"Московская область","Реутов","Московская область, Реутов, улица Октября, 3",103000,111000,119000,2,25,"37.846319 55.746633","37.85453 55.751264","POINT(37.850425 55.748949)","55.748949","37.850425","2016-10-01 00:00:00","myData.biz"
142774,"Московская область","Реутов","Московская область, Реутов, Юбилейный проспект, 1",118000,130000,142000,2,17,"37.845996 55.743791","37.854207 55.748422","POINT(37.850101 55.746106)","55.746106","37.850101","2016-10-01 00:00:00","myData.biz"
142775,"Московская область","Реутов","Московская область, Реутов, Новая улица, 6",102000,107000,113000,9,14,"37.849266 55.754917","37.857476 55.759547","POINT(37.853371 55.757232)","55.757232","37.853371","2016-10-01 00:00:00","myData.biz"
142776,"Московская область","Реутов","Московская область, Реутов, Юбилейный проспект, 26",134000,137000,139000,2,14,"37.859605 55.746689","37.867816 55.75132","POINT(37.863711 55.749005)","55.749005","37.863711","2016-10-01 00:00:00","myData.biz"
142777,"Московская область","Реутов","Московская область, Реутов, Комсомольская улица, 10",103000,134000,159000,10,25,"37.848035 55.752951","37.856246 55.757582","POINT(37.85214 55.755267)","55.755267","37.85214","2016-10-01 00:00:00","myData.biz"
142778,"Московская область","Реутов","Московская область, Реутов, улица Ленина, 19/10",128000,128000,128000,1,14,"37.852105 55.755074","37.860315 55.759704","POINT(37.85621 55.757389)","55.757389","37.85621","2016-10-01 00:00:00","myData.biz"
142779,"Московская область","Реутов","Московская область, Реутов, микрорайон 6А, к8",66000,76000,85000,7,25,"37.842331 55.771383","37.850541 55.776011","POINT(37.846436 55.773697)","55.773697","37.846436","2016-10-01 00:00:00","myData.biz"
142780,"Московская область","Реутов","Московская область, Реутов, Юбилейный проспект, 14",159000,159000,159000,2,9,"37.855105 55.746061","37.863315 55.750692","POINT(37.85921 55.748376)","55.748376","37.85921","2016-10-01 00:00:00","myData.biz"
142781,"Московская область","Реутов","Московская область, Реутов, Новая улица, 19",104000,117000,129000,3,17,"37.855392 55.756827","37.863603 55.761457","POINT(37.859498 55.759142)","55.759142","37.859498","2016-10-01 00:00:00","myData.biz"
142782,"Московская область","Реутов","Московская область, Реутов, улица Некрасова, 14",102000,115000,135000,3,9,"37.846562 55.768137","37.854773 55.772765","POINT(37.850667 55.770451)","55.770451","37.850667","2016-10-01 00:00:00","myData.biz"
142783,"Московская область","Реутов","Московская область, Реутов, улица Строителей, 1",100000,102000,103000,2,9,"37.846472 55.761325","37.854683 55.765954","POINT(37.850577 55.76364)","55.76364","37.850577","2016-10-01 00:00:00","myData.biz"
142784,"Московская область","Реутов","Московская область, Реутов, Носовихинское шоссе, 17",113000,134000,140000,5,5,"37.8676 55.74561","37.875811 55.750241","POINT(37.871706 55.747926)","55.747926","37.871706","2016-10-01 00:00:00","myData.biz"
142785,"Московская область","Реутов","Московская область, Реутов, улица Академика Челомея, 12",111000,129000,143000,3,25,"37.874401 55.746689","37.882611 55.75132","POINT(37.878506 55.749005)","55.749005","37.878506","2016-10-01 00:00:00","myData.biz"
142786,"Московская область","Реутов","Московская область, Реутов, проспект Мира, 49",109000,113000,117000,2,5,"37.8601 55.767955","37.86831 55.772583","POINT(37.864205 55.770269)","55.770269","37.864205","2016-10-01 00:00:00","myData.biz"
142787,"Московская область","Реутов","Московская область, Реутов, улица Головашкина, 5",96000,102000,107000,2,9,"37.848089 55.768451","37.8563 55.773079","POINT(37.852194 55.770765)","55.770765","37.852194","2016-10-01 00:00:00","myData.biz"
142788,"Московская область","Реутов","Московская область, Реутов, улица Октября, 30",127000,142000,154000,8,25,"37.869092 55.750646","37.877302 55.755277","POINT(37.873197 55.752962)","55.752962","37.873197","2016-10-01 00:00:00","myData.biz"
142789,"Московская область","Реутов","Московская область, Реутов, улица Некрасова, 12",98000,113000,129000,2,9,"37.843849 55.768436","37.85206 55.773064","POINT(37.847954 55.77075)","55.77075","37.847954","2016-10-01 00:00:00","myData.biz"
142790,"Московская область","Реутов","Московская область, Реутов, Советская улица, 28",111000,111000,111000,1,5,"37.858213 55.764901","37.866424 55.76953","POINT(37.862318 55.767215)","55.767215","37.862318","2016-10-01 00:00:00","myData.biz"
142791,"Московская область","Реутов","Московская область, Реутов, Юбилейный проспект, 37",115000,138000,154000,12,23,"37.867798 55.749288","37.876009 55.753919","POINT(37.871903 55.751604)","55.751604","37.871903","2016-10-01 00:00:00","myData.biz"
142792,"Московская область","Реутов","Московская область, Реутов, Советская улица, 21",111000,115000,120000,2,5,"37.855752 55.767666","37.863962 55.772294","POINT(37.859857 55.76998)","55.76998","37.859857","2016-09-01 00:00:00","myData.biz"
142793,"Московская область","Реутов","Московская область, Реутов, Носовихинское шоссе, 37",132000,134000,134000,3,25,"37.878632 55.748123","37.886842 55.752754","POINT(37.882737 55.750439)","55.750439","37.882737","2016-10-01 00:00:00","myData.biz"
142794,"Московская область","Реутов","Московская область, Реутов, улица Некрасова, 2",81000,99000,122000,3,25,"37.842367 55.766537","37.850577 55.771165","POINT(37.846472 55.768851)","55.768851","37.846472","2016-10-01 00:00:00","myData.biz"
142795,"Московская область","Реутов","Московская область, Реутов, улица Октября, 1",110000,116000,124000,3,17,"37.844262 55.746157","37.852473 55.750788","POINT(37.848368 55.748473)","55.748473","37.848368","2016-10-01 00:00:00","myData.biz"
142796,"Московская область","Реутов","Московская область, Реутов, Советская улица, 20",102000,102000,102000,1,5,"37.854503 55.764627","37.862714 55.769256","POINT(37.858608 55.766942)","55.766942","37.858608","2016-10-01 00:00:00","myData.biz"
142797,"Московская область","Реутов","Московская область, Реутов, Советская улица, 16",119000,123000,127000,2,14,"37.854961 55.765493","37.863172 55.770122","POINT(37.859066 55.767808)","55.767808","37.859066","2016-10-01 00:00:00","myData.biz"
142798,"Московская область","Реутов","Московская область, Реутов, Новая улица, 8",100000,100000,100000,2,17,"37.850955 55.754927","37.859165 55.759557","POINT(37.85506 55.757242)","55.757242","37.85506","2016-10-01 00:00:00","myData.biz"
142799,"Московская область","Реутов","Московская область, Реутов, улица Победы, 15",128000,129000,130000,2,9,"37.84994 55.761178","37.85815 55.765807","POINT(37.854045 55.763493)","55.763493","37.854045","2016-10-01 00:00:00","myData.biz"
142800,"Московская область","Реутов","Московская область, Реутов, Комсомольская улица, 22",107000,124000,130000,7,25,"37.846697 55.75512","37.854907 55.75975","POINT(37.850802 55.757435)","55.757435","37.850802","2016-10-01 00:00:00","myData.biz"
142801,"Московская область","Реутов","Московская область, Реутов, Юбилейный проспект, 40",105000,125000,150000,9,13,"37.867223 55.748083","37.875434 55.752713","POINT(37.871328 55.750398)","55.750398","37.871328","2016-10-01 00:00:00","myData.biz"
142802,"Московская область","Реутов","Московская область, Реутов, улица Головашкина, 12",125000,125000,125000,1,10,"37.848565 55.769869","37.856776 55.774497","POINT(37.85267 55.772183)","55.772183","37.85267","2016-10-01 00:00:00","myData.biz"
142803,"Московская область","Реутов","Московская область, Реутов, Ашхабадская улица, 27к3",139000,139000,139000,1,25,"37.856515 55.755282","37.864726 55.759912","POINT(37.860621 55.757597)","55.757597","37.860621","2016-10-01 00:00:00","myData.biz"
142804,"Московская область","Реутов","Московская область, Реутов, Новая улица, 9",108000,114000,120000,2,5,"37.849949 55.756341","37.858159 55.76097","POINT(37.854054 55.758656)","55.758656","37.854054","2016-10-01 00:00:00","myData.biz"
142805,"Московская область","Реутов","Московская область, Реутов, Юбилейный проспект, 59",112000,139000,170000,12,25,"37.878039 55.75205","37.886249 55.75668","POINT(37.882144 55.754365)","55.754365","37.882144","2016-10-01 00:00:00","myData.biz"
142806,"Московская область","Реутов","Московская область, Реутов, Ашхабадская улица, 27к2",134000,134000,134000,2,20,"37.855114 55.755181","37.863324 55.75981","POINT(37.859219 55.757496)","55.757496","37.859219","2016-10-01 00:00:00","myData.biz"
142807,"Московская область","Реутов","Московская область, Реутов, Юбилейный проспект, 39",132000,137000,141000,2,25,"37.867241 55.749714","37.875452 55.754345","POINT(37.871346 55.752029)","55.752029","37.871346","2016-10-01 00:00:00","myData.biz"
142808,"Московская область","Реутов","Московская область, Реутов, Парковая улица, 8к3",112000,115000,117000,2,22,"37.862453 55.757992","37.870664 55.762622","POINT(37.866558 55.760307)","55.760307","37.866558","2016-10-01 00:00:00","myData.biz"
142809,"Московская область","Реутов","Московская область, Реутов, улица Гагарина, 42/10",128000,138000,148000,5,12,"37.863657 55.757921","37.871867 55.762551","POINT(37.867762 55.760236)","55.760236","37.867762","2016-09-01 00:00:00","myData.biz"
142810,"Московская область","Реутов","Московская область, Реутов, улица Строителей, 13",104000,104000,104000,1,9,"37.844101 55.758747","37.852311 55.763376","POINT(37.848206 55.761062)","55.761062","37.848206","2016-10-01 00:00:00","myData.biz"
142811,"Московская область","Реутов","Московская область, Реутов, улица Октября, 38",100000,119000,133000,12,20,"37.873395 55.752126","37.881605 55.756756","POINT(37.8775 55.754441)","55.754441","37.8775","2016-10-01 00:00:00","myData.biz"
142812,"Московская область","Реутов","Московская область, Реутов, улица Ленина, 4",162000,162000,162000,1,9,"37.855078 55.751837","37.863289 55.756467","POINT(37.859183 55.754152)","55.754152","37.859183","2016-10-01 00:00:00","myData.biz"
142813,"Московская область","Реутов","Московская область, Реутов, улица Котовского, 3",124000,124000,124000,1,9,"37.862875 55.747008","37.871086 55.751639","POINT(37.866981 55.749324)","55.749324","37.866981","2016-10-01 00:00:00","myData.biz"
142814,"Московская область","Реутов","Московская область, Реутов, Лесная улица, 11к1",114000,118000,120000,3,25,"37.843112 55.757784","37.851323 55.762414","POINT(37.847218 55.760099)","55.760099","37.847218","2016-10-01 00:00:00","myData.biz"
142815,"Московская область","Реутов","Московская область, Реутов, Носовихинское шоссе, 3",107000,129000,151000,4,14,"37.852554 55.743573","37.860764 55.748204","POINT(37.856659 55.745889)","55.745889","37.856659","2016-10-01 00:00:00","myData.biz"
142816,"Московская область","Реутов","Московская область, Реутов, улица Гагарина, 34",111000,111000,111000,1,5,"37.863253 55.759664","37.871463 55.764293","POINT(37.867358 55.761978)","55.761978","37.867358","2016-10-01 00:00:00","myData.biz"
142817,"Московская область","Реутов","Московская область, Реутов, Лесная улица, 11",170000,182000,195000,2,25,"37.843786 55.758154","37.851997 55.762784","POINT(37.847891 55.760469)","55.760469","37.847891","2016-10-01 00:00:00","myData.biz"
142818,"Московская область","Реутов","Московская область, Реутов, Советская улица, 25",91000,98000,106000,5,5,"37.856713 55.768755","37.864923 55.773383","POINT(37.860818 55.771069)","55.771069","37.860818","2016-10-01 00:00:00","myData.biz"
142819,"Московская область","Реутов","Московская область, Реутов, Юбилейный проспект, 68",108000,108000,108000,2,25,"37.878668 55.749618","37.886878 55.754248","POINT(37.882773 55.751933)","55.751933","37.882773","2016-10-01 00:00:00","myData.biz"
142820,"Московская область","Реутов","Московская область, Реутов, Носовихинское шоссе, 11",167000,170000,173000,2,14,"37.857629 55.743548","37.86584 55.748179","POINT(37.861734 55.745863)","55.745863","37.861734","2016-09-01 00:00:00","myData.biz"
142821,"Московская область","Реутов","Московская область, Реутов, Советская улица, 14",126000,131000,137000,2,14,"37.854207 55.766096","37.862417 55.770725","POINT(37.858312 55.76841)","55.76841","37.858312","2016-10-01 00:00:00","myData.biz"
142822,"Московская область","Реутов","Московская область, Реутов, улица Некрасова, 16",54000,88000,122000,2,9,"37.844828 55.768861","37.853039 55.773489","POINT(37.848933 55.771175)","55.771175","37.848933","2016-10-01 00:00:00","myData.biz"
142823,"Московская область","Реутов","Московская область, Реутов, Молодёжная улица, 2",127000,127000,127000,2,17,"37.84278 55.744298","37.850991 55.748929","POINT(37.846885 55.746613)","55.746613","37.846885","2016-10-01 00:00:00","myData.biz"
142824,"Московская область","Реутов","Московская область, Реутов, Новая улица, 14к3",117000,117000,117000,1,9,"37.854575 55.755682","37.862785 55.760312","POINT(37.85868 55.757997)","55.757997","37.85868","2016-10-01 00:00:00","myData.biz"
142825,"Московская область","Реутов","Московская область, Реутов, микрорайон 6А, к3",74000,79000,84000,6,25,"37.84455 55.772801","37.85276 55.777429","POINT(37.848655 55.775115)","55.775115","37.848655","2016-10-01 00:00:00","myData.biz"
142826,"Московская область","Реутов","Московская область, Реутов, Лесная улица, 6",101000,114000,125000,3,9,"37.848817 55.758767","37.857027 55.763397","POINT(37.852922 55.761082)","55.761082","37.852922","2016-09-01 00:00:00","myData.biz"
142827,"Московская область","Реутов","Московская область, Реутов, Комсомольская улица, 3",109000,109000,109000,1,9,"37.843732 55.750109","37.851943 55.75474","POINT(37.847838 55.752425)","55.752425","37.847838","2016-10-01 00:00:00","myData.biz"
142828,"Московская область","Реутов","Московская область, Реутов, улица Калинина, 14",124000,127000,131000,2,9,"37.852617 55.752029","37.860827 55.75666","POINT(37.856722 55.754345)","55.754345","37.856722","2016-10-01 00:00:00","myData.biz"
142829,"Московская область","Реутов","Московская область, Реутов, Комсомольская улица, 9",110000,110000,110000,2,5,"37.846634 55.752531","37.854844 55.757161","POINT(37.850739 55.754846)","55.754846","37.850739","2016-10-01 00:00:00","myData.biz"
142830,"Московская область","Реутов","Московская область, Реутов, Юбилейный проспект, 30/2",109000,119000,130000,2,9,"37.860881 55.747155","37.869092 55.751786","POINT(37.864986 55.749471)","55.749471","37.864986","2016-10-01 00:00:00","myData.biz"
142831,"Московская область","Реутов","Московская область, Реутов, Садовый проезд, 1",117000,117000,117000,1,9,"37.846562 55.764977","37.854773 55.769605","POINT(37.850667 55.767291)","55.767291","37.850667","2016-09-01 00:00:00","myData.biz"
142832,"Московская область","Реутов","Московская область, Реутов, улица Гагарина, 26",108000,108000,108000,1,5,"37.862094 55.761396","37.870304 55.766025","POINT(37.866199 55.763711)","55.763711","37.866199","2016-09-01 00:00:00","myData.biz"
142833,"Московская область","Реутов","Московская область, Реутов, Садовый проезд, 4",108000,111000,115000,2,5,"37.846867 55.766638","37.855078 55.771266","POINT(37.850973 55.768952)","55.768952","37.850973","2016-09-01 00:00:00","myData.biz"
142834,"Московская область","Реутов","Московская область, Реутов, улица Победы, 14",114000,117000,119000,2,5,"37.851449 55.761148","37.859659 55.765777","POINT(37.855554 55.763462)","55.763462","37.855554","2016-09-01 00:00:00","myData.biz"
142835,"Московская область","Реутов","Московская область, Реутов, Комсомольская улица, 6",104000,104000,104000,1,3,"37.8487 55.75172","37.856911 55.756351","POINT(37.852805 55.754036)","55.754036","37.852805","2016-09-01 00:00:00","myData.biz"
142836,"Московская область","Реутов","Московская область, Реутов, Юбилейный проспект, 6",145000,149000,153000,2,9,"37.851628 55.744728","37.859839 55.749359","POINT(37.855734 55.747044)","55.747044","37.855734","2016-09-01 00:00:00","myData.biz"
142837,"Московская область","Реутов","Московская область, Реутов, Юбилейный проспект, 62",153000,153000,153000,1,17,"37.877132 55.749638","37.885342 55.754269","POINT(37.881237 55.751953)","55.751953","37.881237","2016-09-01 00:00:00","myData.biz"
142838,"Московская область","Реутов","Московская область, Реутов, Носовихинское шоссе, 8",150000,161000,176000,3,15,"37.855653 55.743537","37.863863 55.748169","POINT(37.859758 55.745853)","55.745853","37.859758","2016-10-01 00:00:00","myData.biz"
142839,"Московская область","Реутов","Московская область, Реутов, улица Войтовича, 2",102000,129000,142000,3,5,"37.852617 55.752597","37.860827 55.757227","POINT(37.856722 55.754912)","55.754912","37.856722","2016-10-01 00:00:00","myData.biz"
142840,"Московская область","Реутов","Московская область, Реутов, Советская улица, 37",110000,137000,176000,6,17,"37.857809 55.768091","37.866019 55.77272","POINT(37.861914 55.770406)","55.770406","37.861914","2016-10-01 00:00:00","myData.biz"
142841,"Московская область","Реутов","Московская область, Реутов, Юбилейный проспект, 12",129000,129000,129000,1,9,"37.854566 55.744961","37.862777 55.749592","POINT(37.858671 55.747277)","55.747277","37.858671","2016-09-01 00:00:00","myData.biz"
142842,"Московская область","Реутов","Московская область, Реутов, улица Дзержинского, 1",160000,160000,160000,1,12,"37.843939 55.748914","37.852149 55.753544","POINT(37.848044 55.751229)","55.751229","37.848044","2016-09-01 00:00:00","myData.biz"
142843,"Московская область","Реутов","Московская область, Реутов, улица Котовского, 11",155000,155000,155000,1,12,"37.864995 55.746446","37.873206 55.751077","POINT(37.869101 55.748762)","55.748762","37.869101","2016-09-01 00:00:00","myData.biz"
142844,"Московская область","Реутов","Московская область, Реутов, Ашхабадская улица, 23",133000,133000,133000,1,9,"37.857737 55.754714","37.865948 55.759344","POINT(37.861842 55.75703)","55.75703","37.861842","2016-09-01 00:00:00","myData.biz"
142845,"Московская область","Реутов","Московская область, Реутов, Комсомольская улица, 10к1",125000,125000,126000,2,24,"37.848493 55.75206","37.856704 55.75669","POINT(37.852599 55.754375)","55.754375","37.852599","2016-10-01 00:00:00","myData.biz"
142846,"Московская область","Реутов","Московская область, Реутов, улица Гагарина, 25",83000,83000,83000,1,6,"37.860576 55.76252","37.868786 55.767149","POINT(37.864681 55.764835)","55.764835","37.864681","2016-09-01 00:00:00","myData.biz"
142847,"Московская область","Реутов","Московская область, Реутов, улица Котовского, 8",141000,141000,141000,1,9,"37.86283 55.74522","37.871041 55.749851","POINT(37.866936 55.747535)","55.747535","37.866936","2016-09-01 00:00:00","myData.biz"
142848,"Московская область","Реутов","Московская область, Реутов, улица Кирова, 9",153000,153000,155000,3,25,"37.8472 55.755495","37.85541 55.760125","POINT(37.851305 55.75781)","55.75781","37.851305","2016-10-01 00:00:00","myData.biz"
142849,"Московская область","Реутов","Московская область, Реутов, Юбилейный проспект, 52",122000,122000,122000,1,14,"37.871005 55.748037","37.879216 55.752668","POINT(37.87511 55.750352)","55.750352","37.87511","2016-09-01 00:00:00","myData.biz"
142850,"Московская область","Реутов","Московская область, Реутов, улица Котовского, 9",105000,110000,115000,2,9,"37.865211 55.747236","37.873422 55.751867","POINT(37.869316 55.749552)","55.749552","37.869316","2016-09-01 00:00:00","myData.biz"
142851,"Московская область","Реутов","Московская область, Реутов, улица Победы, 2к1",131000,131000,131000,1,17,"37.85638 55.75941","37.864591 55.76404","POINT(37.860486 55.761725)","55.761725","37.860486","2016-09-01 00:00:00","myData.biz"
142852,"Московская область","Реутов","Московская область, Реутов, улица Реутовских Ополченцев, 6",86000,87000,88000,3,24,"37.842313 55.770401","37.850523 55.775029","POINT(37.846418 55.772715)","55.772715","37.846418","2016-10-01 00:00:00","myData.biz"
142853,"Московская область","Реутов","Московская область, Реутов, Лесная улица, 5",142000,142000,142000,1,12,"37.84914 55.757637","37.857351 55.762267","POINT(37.853245 55.759952)","55.759952","37.853245","2016-09-01 00:00:00","myData.biz"
142854,"Московская область","Реутов","Московская область, Реутов, Советская улица, 6",100000,112000,125000,2,5,"37.8517 55.763275","37.859911 55.767904","POINT(37.855806 55.76559)","55.76559","37.855806","2016-10-01 00:00:00","myData.biz"
142855,"Московская область","Реутов","Московская область, Реутов, Южная улица, 9",132000,132000,132000,1,14,"37.858662 55.746015","37.866873 55.750646","POINT(37.862768 55.748331)","55.748331","37.862768","2016-09-01 00:00:00","myData.biz"
142856,"Московская область","Реутов","Московская область, Реутов, Лесная улица, 10",124000,124000,124000,1,9,"37.846032 55.758458","37.854243 55.763088","POINT(37.850137 55.760773)","55.760773","37.850137","2016-09-01 00:00:00","myData.biz"
142857,"Московская область","Реутов","Московская область, Реутов, улица Котовского, 12",128000,128000,128000,1,12,"37.862884 55.744389","37.871095 55.74902","POINT(37.86699 55.746704)","55.746704","37.86699","2016-09-01 00:00:00","myData.biz"
142858,"Московская область","Реутов","Московская область, Реутов, улица Гагарина, 15",98000,98000,98000,1,4,"37.856192 55.762085","37.864402 55.766714","POINT(37.860297 55.764399)","55.764399","37.860297","2016-09-01 00:00:00","myData.biz"
142859,"Московская область","Реутов","Московская область, Реутов, Южная улица, 19",123000,123000,123000,1,12,"37.860324 55.743857","37.868535 55.748488","POINT(37.864429 55.746172)","55.746172","37.864429","2016-09-01 00:00:00","myData.biz"
142860,"Московская область","Реутов","Московская область, Реутов, улица Октября, 8",121000,121000,121000,1,9,"37.852617 55.748083","37.860827 55.752713","POINT(37.856722 55.750398)","55.750398","37.856722","2016-09-01 00:00:00","myData.biz"
164135,"Московская область","Реутов","Московская область, Реутов, улица Победы, 15к1",152000,152000,152000,1,25,"37.850074 55.759917","37.858285 55.764546","POINT(37.85418 55.762232)","55.762232","37.85418","2016-10-01 00:00:00","myData.biz"
166954,"Московская область","Реутов","Московская область, Реутов, улица Калинина, 3",108000,108000,108000,1,5,"37.851601 55.750996","37.859812 55.755626","POINT(37.855707 55.753311)","55.753311","37.855707","2016-11-01 00:00:00","myData.biz"
166955,"Московская область","Реутов","Московская область, Реутов, проспект Мира, 17",99000,99000,99000,1,5,"37.858078 55.759957","37.866289 55.764587","POINT(37.862184 55.762272)","55.762272","37.862184","2016-11-01 00:00:00","myData.biz"
166956,"Московская область","Реутов","Московская область, Реутов, Советская улица, 30",96000,96000,96000,1,5,"37.858869 55.76484","37.867079 55.769469","POINT(37.862974 55.767154)","55.767154","37.862974","2016-11-01 00:00:00","myData.biz"
161493,"Московская область","Реутов","Московская область, Реутов, Юбилейный проспект, 2",120000,120000,120000,1,16,"37.849778 55.743613","37.857988 55.748245","POINT(37.853883 55.745929)","55.745929","37.853883","2016-10-01 00:00:00","myData.biz"
167383,"Московская область","Реутов","Московская область, Реутов, Парковая улица, 8",134000,134000,134000,1,24,"37.860908 55.758387","37.869119 55.763017","POINT(37.865013 55.760702)","55.760702","37.865013","2016-11-01 00:00:00","myData.biz"
142861,"Московская область","Реутов","Московская область, Реутов, Советская улица, 15",101000,108000,115000,2,5,"37.853479 55.766344","37.86169 55.770973","POINT(37.857584 55.768659)","55.768659","37.857584","2016-10-01 00:00:00","myData.biz"
142862,"Московская область","Реутов","Московская область, Реутов, Комсомольская улица, 32",109000,109000,109000,1,9,"37.845286 55.757592","37.853497 55.762221","POINT(37.849392 55.759907)","55.759907","37.849392","2016-09-01 00:00:00","myData.biz"
142863,"Московская область","Реутов","Московская область, Реутов, улица Котовского, 7",132000,132000,132000,1,10,"37.863414 55.746583","37.871625 55.751214","POINT(37.86752 55.748898)","55.748898","37.86752","2016-09-01 00:00:00","myData.biz"
142864,"Московская область","Реутов","Московская область, Реутов, улица Войтовича, 6",109000,109000,109000,1,5,"37.851179 55.754208","37.85939 55.758838","POINT(37.855285 55.756523)","55.756523","37.855285","2016-09-01 00:00:00","myData.biz"
142865,"Московская область","Реутов","Московская область, Реутов, улица Ленина, 8",102000,102000,102000,1,4,"37.853677 55.753833","37.861887 55.758463","POINT(37.857782 55.756148)","55.756148","37.857782","2016-09-01 00:00:00","myData.biz"
142866,"Московская область","Реутов","Московская область, Реутов, проспект Мира, 29",91000,91000,91000,1,5,"37.857216 55.763548","37.865427 55.768177","POINT(37.861321 55.765863)","55.765863","37.861321","2016-09-01 00:00:00","myData.biz"
142867,"Московская область","Реутов","Московская область, Реутов, улица Ленина, 2",119000,119000,119000,2,9,"37.856138 55.751812","37.864349 55.756442","POINT(37.860243 55.754127)","55.754127","37.860243","2016-10-01 00:00:00","myData.biz"
142868,"Московская область","Реутов","Московская область, Реутов, Юбилейный проспект, 24/7",132000,132000,132000,1,14,"37.858483 55.746512","37.866693 55.751143","POINT(37.862588 55.748827)","55.748827","37.862588","2016-09-01 00:00:00","myData.biz"
142869,"Московская область","Реутов","Московская область, Реутов, улица Дзержинского, 2",128000,129000,129000,2,12,"37.844864 55.749035","37.853075 55.753666","POINT(37.848969 55.751351)","55.751351","37.848969","2016-10-01 00:00:00","myData.biz"
159205,"Московская область","Реутов","Московская область, Реутов, улица Строителей, 11",136000,136000,136000,1,9,"37.843049 55.758757","37.85126 55.763386","POINT(37.847155 55.761072)","55.761072","37.847155","2016-10-01 00:00:00","myData.biz"
161763,"Московская область","Реутов","Московская область, Реутов, Комсомольская улица, 7",112000,112000,112000,1,5,"37.847272 55.752703","37.855482 55.757333","POINT(37.851377 55.755018)","55.755018","37.851377","2016-10-01 00:00:00","myData.biz"
161764,"Московская область","Реутов","Московская область, Реутов, улица Победы, 17",121000,123000,125000,3,9,"37.848062 55.761077","37.856273 55.765706","POINT(37.852167 55.763391)","55.763391","37.852167","2016-10-01 00:00:00","myData.biz"
161765,"Московская область","Реутов","Московская область, Реутов, улица Победы, 19",127000,127000,127000,2,9,"37.847514 55.761771","37.855725 55.7664","POINT(37.851619 55.764085)","55.764085","37.851619","2016-10-01 00:00:00","myData.biz"
165035,"Московская область","Реутов","Московская область, Реутов, Юбилейный проспект, 31",133000,139000,145000,2,25,"37.864681 55.749516","37.872892 55.754147","POINT(37.868786 55.751832)","55.751832","37.868786","2016-11-01 00:00:00","myData.biz"
158401,"Московская область","Реутов","Московская область, Реутов, улица Строителей, 3",98000,98000,98000,1,9,"37.845574 55.760606","37.853784 55.765235","POINT(37.849679 55.76292)","55.76292","37.849679","2016-10-01 00:00:00","myData.biz"
144126,"Московская область","Реутов","Московская область, Реутов, Юбилейный проспект, 9",134000,134000,134000,3,9,"37.849562 55.745772","37.857773 55.750403","POINT(37.853668 55.748088)","55.748088","37.853668","2016-10-01 00:00:00","myData.biz"
142655,"Московская область","Реутов","Московская область, Реутов, Юбилейный проспект, 47",91000,107000,129000,16,25,"37.872299 55.750246","37.880509 55.754877","POINT(37.876404 55.752561)","55.752561","37.876404","2016-10-01 00:00:00","myData.biz"
142656,"Московская область","Реутов","Московская область, Реутов, Юбилейный проспект, 78",115000,149000,179000,29,19,"37.882845 55.751396","37.891055 55.756027","POINT(37.88695 55.753711)","55.753711","37.88695","2016-10-01 00:00:00","myData.biz"
142657,"Московская область","Реутов","Московская область, Реутов, улица Победы, 22",106000,132000,186000,5,12,"37.844972 55.764642","37.853182 55.769271","POINT(37.849077 55.766957)","55.766957","37.849077","2016-10-01 00:00:00","myData.biz"
142658,"Московская область","Реутов","Московская область, Реутов, улица Некрасова, 18",59000,96000,113000,4,9,"37.845709 55.76999","37.853919 55.774619","POINT(37.849814 55.772305)","55.772305","37.849814","2016-10-01 00:00:00","myData.biz"
142659,"Московская область","Реутов","Московская область, Реутов, Советская улица, 22к1",106000,122000,150000,5,17,"37.856345 55.764359","37.864555 55.768988","POINT(37.86045 55.766673)","55.766673","37.86045","2016-10-01 00:00:00","myData.biz"
142660,"Московская область","Реутов","Московская область, Реутов, улица Кирова, 7к1",110000,125000,139000,4,19,"37.846822 55.757278","37.855033 55.761907","POINT(37.850928 55.759593)","55.759593","37.850928","2016-10-01 00:00:00","myData.biz"
142661,"Московская область","Реутов","Московская область, Реутов, улица Победы, 22к2",112000,112000,112000,1,17,"37.84596 55.765681","37.854171 55.770309","POINT(37.850065 55.767995)","55.767995","37.850065","2016-10-01 00:00:00","myData.biz"
142662,"Московская область","Реутов","Московская область, Реутов, улица Гагарина, 18",93000,93000,93000,1,5,"37.860504 55.761512","37.868714 55.766142","POINT(37.864609 55.763827)","55.763827","37.864609","2016-10-01 00:00:00","myData.biz"
142663,"Московская область","Реутов","Московская область, Реутов, Юбилейный проспект, 55",110000,122000,148000,6,25,"37.876808 55.751123","37.885019 55.755753","POINT(37.880913 55.753438)","55.753438","37.880913","2016-10-01 00:00:00","myData.biz"
142664,"Московская область","Реутов","Московская область, Реутов, улица Победы, 30",122000,122000,122000,1,9,"37.843193 55.765579","37.851404 55.770208","POINT(37.847299 55.767894)","55.767894","37.847299","2016-10-01 00:00:00","myData.biz"
142665,"Московская область","Реутов","Московская область, Реутов, Носовихинское шоссе, 23",130000,133000,136000,3,14,"37.871239 55.746015","37.879449 55.750646","POINT(37.875344 55.748331)","55.748331","37.875344","2016-10-01 00:00:00","myData.biz"
142666,"Московская область","Реутов","Московская область, Реутов, Носовихинское шоссе, 15",128000,138000,144000,7,9,"37.866388 55.745868","37.874598 55.750499","POINT(37.870493 55.748184)","55.748184","37.870493","2016-10-01 00:00:00","myData.biz"
142667,"Московская область","Реутов","Московская область, Реутов, Новая улица, 10",117000,129000,145000,4,14,"37.851233 55.755262","37.859444 55.759892","POINT(37.855338 55.757577)","55.757577","37.855338","2016-10-01 00:00:00","myData.biz"
142668,"Московская область","Реутов","Московская область, Реутов, Молодёжная улица, 6",115000,117000,120000,2,14,"37.845888 55.744531","37.854099 55.749162","POINT(37.849993 55.746846)","55.746846","37.849993","2016-10-01 00:00:00","myData.biz"
142669,"Московская область","Реутов","Московская область, Реутов, Юбилейный проспект, 8",130000,154000,174000,5,16,"37.853668 55.744728","37.861878 55.749359","POINT(37.857773 55.747044)","55.747044","37.857773","2016-10-01 00:00:00","myData.biz"
142670,"Московская область","Реутов","Московская область, Реутов, улица Дзержинского, 9",92000,114000,129000,9,17,"37.852329 55.750287","37.86054 55.754917","POINT(37.856434 55.752602)","55.752602","37.856434","2016-10-01 00:00:00","myData.biz"
156919,"Московская область","Реутов","Московская область, Реутов, Советская улица, 35",105000,110000,115000,3,5,"37.858959 55.767808","37.867169 55.772436","POINT(37.863064 55.770122)","55.770122","37.863064","2016-10-01 00:00:00","myData.biz"
163038,"Московская область","Реутов","Московская область, Балашиха, микрорайон Салтыковка, Носовихинское шоссе, 69",133000,133000,133000,2,25,"37.892951 55.750368","37.901162 55.754998","POINT(37.897056 55.752683)","55.752683","37.897056","2016-10-01 00:00:00","myData.biz"
157347,"Московская область","Реутов","Московская область, Реутов, улица Гагарина, 5А",88000,116000,145000,2,5,"37.853326 55.761244","37.861537 55.765873","POINT(37.857432 55.763559)","55.763559","37.857432","2016-10-01 00:00:00","myData.biz"
166242,"Московская область","Реутов","Московская область, Реутов, Молодёжная улица, 5",140000,155000,171000,2,9,"37.845304 55.745235","37.853515 55.749866","POINT(37.84941 55.747551)","55.747551","37.84941","2016-11-01 00:00:00","myData.biz"
169320,"Московская область","Реутов","Московская область, Реутов, Лесная улица, 9",133000,133000,133000,1,12,"37.847541 55.75781","37.855752 55.762439","POINT(37.851646 55.760125)","55.760125","37.851646","2016-11-01 00:00:00","myData.biz"
